{"_type":"export","__export_format":4,"__export_date":"2025-01-31T02:39:40.042Z","__export_source":"insomnia.desktop.app:v10.3.0","resources":[{"_id":"req_6dcd59b9e85a4ebc8fe27d74d55369a3","parentId":"fld_f07ebc635911451aaa2093451325d5dc","modified":1738193792213,"created":1738193369136,"url":"{{ _.baseUrl }}/candidate/imc-by-age","name":"imc-by-age","description":"","method":"GET","body":{},"parameters":[],"headers":[{"name":"User-Agent","value":"insomnia/10.3.0"}],"authentication":{},"metaSortKey":-1738193369136,"isPrivate":false,"pathParameters":[],"settingStoreCookies":true,"settingSendCookies":true,"settingDisableRenderRequestBody":false,"settingEncodeUrl":true,"settingRebuildPath":true,"settingFollowRedirects":"global","_type":"request"},{"_id":"fld_f07ebc635911451aaa2093451325d5dc","parentId":"wrk_d9d5bea1585546c2a830151aa3eef0a6","modified":1737934257430,"created":1737934257430,"name":"candidatos","description":"","environment":{},"environmentPropertyOrder":null,"metaSortKey":-1737934257430,"environmentType":"kv","_type":"request_group"},{"_id":"wrk_d9d5bea1585546c2a830151aa3eef0a6","parentId":null,"modified":1737934237826,"created":1737934237826,"name":"Banco de Sangue - Teste Técnico","description":"","scope":"collection","_type":"workspace"},{"_id":"req_3f72763c866b4ec0b3a0c50d30e1100e","parentId":"fld_f07ebc635911451aaa2093451325d5dc","modified":1738198306770,"created":1738196059681,"url":"{{ _.baseUrl }}/candidate/sex-obsessed","name":"obsessed-by-sex","description":"","method":"GET","body":{},"parameters":[],"headers":[{"name":"User-Agent","value":"insomnia/10.3.0"}],"authentication":{},"metaSortKey":-1738192252974,"isPrivate":false,"pathParameters":[],"settingStoreCookies":true,"settingSendCookies":true,"settingDisableRenderRequestBody":false,"settingEncodeUrl":true,"settingRebuildPath":true,"settingFollowRedirects":"global","_type":"request"},{"_id":"req_e5de18662e8f42f19b407e75ecab8d03","parentId":"fld_f07ebc635911451aaa2093451325d5dc","modified":1738198487957,"created":1738198484181,"url":"{{ _.baseUrl }}/candidate/average-age-blood","name":"average-age-blood","description":"","method":"GET","body":{},"parameters":[],"headers":[{"name":"User-Agent","value":"insomnia/10.3.0"}],"authentication":{},"metaSortKey":-1738191694893,"isPrivate":false,"pathParameters":[],"settingStoreCookies":true,"settingSendCookies":true,"settingDisableRenderRequestBody":false,"settingEncodeUrl":true,"settingRebuildPath":true,"settingFollowRedirects":"global","_type":"request"},{"_id":"req_457735a4d1564adb867e2eab0e0d8cde","parentId":"fld_f07ebc635911451aaa2093451325d5dc","modified":1738199423481,"created":1738199153547,"url":"{{ _.baseUrl }}/candidate/possible-donors","name":"possible-donors","description":"","method":"GET","body":{},"parameters":[],"headers":[{"name":"User-Agent","value":"insomnia/10.3.0"}],"authentication":{},"metaSortKey":-1738191415852.5,"isPrivate":false,"pathParameters":[],"settingStoreCookies":true,"settingSendCookies":true,"settingDisableRenderRequestBody":false,"settingEncodeUrl":true,"settingRebuildPath":true,"settingFollowRedirects":"global","_type":"request"},{"_id":"req_e0fa9ea9146f4f8b95909a83805c74f9","parentId":"fld_f07ebc635911451aaa2093451325d5dc","modified":1738191537981,"created":1738191136812,"url":"{{ _.baseUrl }}/candidate/by-states","name":"by-states","description":"","method":"GET","body":{},"parameters":[],"headers":[{"name":"User-Agent","value":"insomnia/10.3.0"}],"authentication":{},"metaSortKey":-1738191136812,"isPrivate":false,"pathParameters":[],"settingStoreCookies":true,"settingSendCookies":true,"settingDisableRenderRequestBody":false,"settingEncodeUrl":true,"settingRebuildPath":true,"settingFollowRedirects":"global","_type":"request"},{"_id":"req_5e7daf9fe97442e68bc66589387f317a","parentId":"fld_f07ebc635911451aaa2093451325d5dc","modified":1738192521069,"created":1737934284418,"url":"{{ _.baseUrl }}/candidate/register","name":"register","description":"","method":"POST","body":{"mimeType":"application/json","text":"[\n\t{\n\t\t\"nome\": \"Milena Analu Pires\",\n\t\t\"cpf\": \"775.256.099-50\",\n\t\t\"rg\": \"44.084.541-5\",\n\t\t\"data_nasc\": \"23\\/05\\/1964\",\n\t\t\"sexo\": \"Feminino\",\n\t\t\"mae\": \"Isadora Marli\",\n\t\t\"pai\": \"Noah Severino César Pires\",\n\t\t\"email\": \"mmilenaanalupires@keffin.com.br\",\n\t\t\"cep\": \"39801-678\",\n\t\t\"endereco\": \"Rua Kurt W. Rothe\",\n\t\t\"numero\": 675,\n\t\t\"bairro\": \"Castro Pires\",\n\t\t\"cidade\": \"Teófilo Otoni\",\n\t\t\"estado\": \"MG\",\n\t\t\"telefone_fixo\": \"(33) 3611-4613\",\n\t\t\"celular\": \"(33) 98481-0191\",\n\t\t\"altura\": 1.53,\n\t\t\"peso\": 80,\n\t\t\"tipo_sanguineo\": \"O-\"\n\t},\n\t{\n\t\t\"nome\": \"Marcos Vinicius Kevin Samuel Santos\",\n\t\t\"cpf\": \"024.934.035-68\",\n\t\t\"rg\": \"10.701.456-7\",\n\t\t\"data_nasc\": \"07\\/09\\/1992\",\n\t\t\"sexo\": \"Masculino\",\n\t\t\"mae\": \"Isabella Andrea\",\n\t\t\"pai\": \"Lorenzo Marcos André Santos\",\n\t\t\"email\": \"marcosviniciuskevinsamuelsantos_@dhl.com\",\n\t\t\"cep\": \"49091-043\",\n\t\t\"endereco\": \"Rua Manoel de Oliveira França\",\n\t\t\"numero\": 634,\n\t\t\"bairro\": \"Jardim Centenário\",\n\t\t\"cidade\": \"Aracaju\",\n\t\t\"estado\": \"SE\",\n\t\t\"telefone_fixo\": \"(79) 2686-2642\",\n\t\t\"celular\": \"(79) 99666-0063\",\n\t\t\"altura\": 1.92,\n\t\t\"peso\": 95,\n\t\t\"tipo_sanguineo\": \"O-\"\n\t},\n\t{\n\t\t\"nome\": \"Noah Severino Freitas\",\n\t\t\"cpf\": \"745.405.478-10\",\n\t\t\"rg\": \"13.501.191-7\",\n\t\t\"data_nasc\": \"27\\/03\\/1991\",\n\t\t\"sexo\": \"Masculino\",\n\t\t\"mae\": \"Silvana Bárbara\",\n\t\t\"pai\": \"Tiago Manoel Kaique Freitas\",\n\t\t\"email\": \"nnoahseverinofreitas@tjrj.jus.br\",\n\t\t\"cep\": \"38411-338\",\n\t\t\"endereco\": \"Rua José Cunha Chaves\",\n\t\t\"numero\": 880,\n\t\t\"bairro\": \"Jardim Colina\",\n\t\t\"cidade\": \"Uberlândia\",\n\t\t\"estado\": \"MG\",\n\t\t\"telefone_fixo\": \"(34) 2903-7300\",\n\t\t\"celular\": \"(34) 98476-5223\",\n\t\t\"altura\": 1.93,\n\t\t\"peso\": 84,\n\t\t\"tipo_sanguineo\": \"A+\"\n\t},\n\t{\n\t\t\"nome\": \"Nair Brenda Ayla Cardoso\",\n\t\t\"cpf\": \"673.439.652-55\",\n\t\t\"rg\": \"38.583.121-3\",\n\t\t\"data_nasc\": \"20\\/12\\/1994\",\n\t\t\"sexo\": \"Feminino\",\n\t\t\"mae\": \"Esther Stefany Tereza\",\n\t\t\"pai\": \"Alexandre Arthur Igor Cardoso\",\n\t\t\"email\": \"nnairbrendaaylacardoso@andrade.com\",\n\t\t\"cep\": \"50110-640\",\n\t\t\"endereco\": \"Rua Luiz Teixeira Gonzaga\",\n\t\t\"numero\": 101,\n\t\t\"bairro\": \"Santo Amaro\",\n\t\t\"cidade\": \"Recife\",\n\t\t\"estado\": \"PE\",\n\t\t\"telefone_fixo\": \"(81) 2697-4896\",\n\t\t\"celular\": \"(81) 99928-1146\",\n\t\t\"altura\": 1.66,\n\t\t\"peso\": 72,\n\t\t\"tipo_sanguineo\": \"A+\"\n\t},\n\t{\n\t\t\"nome\": \"Vinicius Leandro Danilo Assunção\",\n\t\t\"cpf\": \"464.646.882-43\",\n\t\t\"rg\": \"47.866.582-9\",\n\t\t\"data_nasc\": \"05\\/10\\/1951\",\n\t\t\"sexo\": \"Masculino\",\n\t\t\"mae\": \"Flávia Maya\",\n\t\t\"pai\": \"Elias Raimundo Assunção\",\n\t\t\"email\": \"viniciusleandrodaniloassuncao..viniciusleandrodaniloassuncao@lbrazil.com.br\",\n\t\t\"cep\": \"65081-432\",\n\t\t\"endereco\": \"Rua São Félix\",\n\t\t\"numero\": 361,\n\t\t\"bairro\": \"Vila Embratel\",\n\t\t\"cidade\": \"São Luís\",\n\t\t\"estado\": \"MA\",\n\t\t\"telefone_fixo\": \"(98) 2836-3051\",\n\t\t\"celular\": \"(98) 98594-3430\",\n\t\t\"altura\": 1.88,\n\t\t\"peso\": 100,\n\t\t\"tipo_sanguineo\": \"AB+\"\n\t},\n\t{\n\t\t\"nome\": \"Oliver Rafael Marcos Vinicius Fogaça\",\n\t\t\"cpf\": \"759.602.133-62\",\n\t\t\"rg\": \"13.168.953-8\",\n\t\t\"data_nasc\": \"03\\/01\\/1975\",\n\t\t\"sexo\": \"Masculino\",\n\t\t\"mae\": \"Isabelly Andreia Alessandra\",\n\t\t\"pai\": \"Sebastião Augusto Renato Fogaça\",\n\t\t\"email\": \"oliverrafaelmarcosviniciusfogaca..oliverrafaelmarcosviniciusfogaca@salvagninigroup.com\",\n\t\t\"cep\": \"59073-205\",\n\t\t\"endereco\": \"Rua Zeca da Silva\",\n\t\t\"numero\": 672,\n\t\t\"bairro\": \"Planalto\",\n\t\t\"cidade\": \"Natal\",\n\t\t\"estado\": \"RN\",\n\t\t\"telefone_fixo\": \"(84) 2899-9078\",\n\t\t\"celular\": \"(84) 99908-3858\",\n\t\t\"altura\": 1.80,\n\t\t\"peso\": 87,\n\t\t\"tipo_sanguineo\": \"AB-\"\n\t},\n\t{\n\t\t\"nome\": \"Renan Matheus Murilo Peixoto\",\n\t\t\"cpf\": \"350.189.672-77\",\n\t\t\"rg\": \"47.168.600-1\",\n\t\t\"data_nasc\": \"18\\/09\\/1965\",\n\t\t\"sexo\": \"Masculino\",\n\t\t\"mae\": \"Cristiane Melissa\",\n\t\t\"pai\": \"Tomás Gabriel Peixoto\",\n\t\t\"email\": \"renanmatheusmurilopeixoto-70@tce.sp.gov.br\",\n\t\t\"cep\": \"76873-648\",\n\t\t\"endereco\": \"Rua Tomás Antônio Gonzaga\",\n\t\t\"numero\": 702,\n\t\t\"bairro\": \"Setor 06\",\n\t\t\"cidade\": \"Ariquemes\",\n\t\t\"estado\": \"RO\",\n\t\t\"telefone_fixo\": \"(69) 2950-9595\",\n\t\t\"celular\": \"(69) 98888-6053\",\n\t\t\"altura\": 1.87,\n\t\t\"peso\": 62,\n\t\t\"tipo_sanguineo\": \"B-\"\n\t},\n\t{\n\t\t\"nome\": \"Oliver Thomas Vieira\",\n\t\t\"cpf\": \"779.665.729-35\",\n\t\t\"rg\": \"42.073.802-2\",\n\t\t\"data_nasc\": \"08\\/04\\/1945\",\n\t\t\"sexo\": \"Masculino\",\n\t\t\"mae\": \"Sophie Luiza\",\n\t\t\"pai\": \"Cauã Carlos Eduardo Hugo Vieira\",\n\t\t\"email\": \"oliverthomasvieira_@macroengenharia.com\",\n\t\t\"cep\": \"77425-270\",\n\t\t\"endereco\": \"Rua Messias da Silveira\",\n\t\t\"numero\": 200,\n\t\t\"bairro\": \"Alto da Boa Vista\",\n\t\t\"cidade\": \"Gurupi\",\n\t\t\"estado\": \"TO\",\n\t\t\"telefone_fixo\": \"(63) 3581-4474\",\n\t\t\"celular\": \"(63) 99251-0835\",\n\t\t\"altura\": 1.80,\n\t\t\"peso\": 61,\n\t\t\"tipo_sanguineo\": \"A-\"\n\t},\n\t{\n\t\t\"nome\": \"Iago César Calebe da Paz\",\n\t\t\"cpf\": \"686.885.244-40\",\n\t\t\"rg\": \"26.822.357-9\",\n\t\t\"data_nasc\": \"03\\/09\\/1985\",\n\t\t\"sexo\": \"Masculino\",\n\t\t\"mae\": \"Helena Rebeca Luna\",\n\t\t\"pai\": \"Manoel Henrique da Paz\",\n\t\t\"email\": \"iagocesarcalebedapaz-73@inepar.com.br\",\n\t\t\"cep\": \"45078-080\",\n\t\t\"endereco\": \"Rua Doze\",\n\t\t\"numero\": 867,\n\t\t\"bairro\": \"Zabelê\",\n\t\t\"cidade\": \"Vitória da Conquista\",\n\t\t\"estado\": \"BA\",\n\t\t\"telefone_fixo\": \"(77) 3812-9441\",\n\t\t\"celular\": \"(77) 99231-0087\",\n\t\t\"altura\": 1.90,\n\t\t\"peso\": 92,\n\t\t\"tipo_sanguineo\": \"B+\"\n\t},\n\t{\n\t\t\"nome\": \"Giovana Vera da Mata\",\n\t\t\"cpf\": \"983.193.965-49\",\n\t\t\"rg\": \"33.218.457-2\",\n\t\t\"data_nasc\": \"12\\/07\\/1958\",\n\t\t\"sexo\": \"Feminino\",\n\t\t\"mae\": \"Juliana Isabelle\",\n\t\t\"pai\": \"Manoel Lucca da Mata\",\n\t\t\"email\": \"giovanaveradamata-97@pp33.com.br\",\n\t\t\"cep\": \"12072-370\",\n\t\t\"endereco\": \"Rua Elias João Andraus Neto\",\n\t\t\"numero\": 713,\n\t\t\"bairro\": \"UNA\",\n\t\t\"cidade\": \"Taubaté\",\n\t\t\"estado\": \"SP\",\n\t\t\"telefone_fixo\": \"(12) 3867-8390\",\n\t\t\"celular\": \"(12) 99996-2778\",\n\t\t\"altura\": 1.54,\n\t\t\"peso\": 82,\n\t\t\"tipo_sanguineo\": \"B-\"\n\t},\n\t{\n\t\t\"nome\": \"Manuel Samuel Lima\",\n\t\t\"cpf\": \"018.071.850-95\",\n\t\t\"rg\": \"33.305.747-8\",\n\t\t\"data_nasc\": \"15\\/01\\/1952\",\n\t\t\"sexo\": \"Masculino\",\n\t\t\"mae\": \"Emilly Emily\",\n\t\t\"pai\": \"Vicente Danilo Hugo Lima\",\n\t\t\"email\": \"mmanuelsamuellima@valeparaibano.com.br\",\n\t\t\"cep\": \"57083-044\",\n\t\t\"endereco\": \"Condomínio Campo do Jordão IV\",\n\t\t\"numero\": 258,\n\t\t\"bairro\": \"Antares\",\n\t\t\"cidade\": \"Maceió\",\n\t\t\"estado\": \"AL\",\n\t\t\"telefone_fixo\": \"(82) 2506-0415\",\n\t\t\"celular\": \"(82) 99480-1803\",\n\t\t\"altura\": 1.66,\n\t\t\"peso\": 109,\n\t\t\"tipo_sanguineo\": \"A-\"\n\t},\n\t{\n\t\t\"nome\": \"Benjamin Iago Raimundo Alves\",\n\t\t\"cpf\": \"761.563.476-82\",\n\t\t\"rg\": \"46.921.307-3\",\n\t\t\"data_nasc\": \"22\\/01\\/1986\",\n\t\t\"sexo\": \"Masculino\",\n\t\t\"mae\": \"Isadora Ayla Aparecida\",\n\t\t\"pai\": \"Tomás Iago Alves\",\n\t\t\"email\": \"bbenjaminiagoraimundoalves@trilhavitoria.com.br\",\n\t\t\"cep\": \"71015-124\",\n\t\t\"endereco\": \"Quadra QI 18 Conjunto L\",\n\t\t\"numero\": 904,\n\t\t\"bairro\": \"Guará I\",\n\t\t\"cidade\": \"Brasília\",\n\t\t\"estado\": \"DF\",\n\t\t\"telefone_fixo\": \"(61) 2740-0529\",\n\t\t\"celular\": \"(61) 99669-2469\",\n\t\t\"altura\": 1.89,\n\t\t\"peso\": 63,\n\t\t\"tipo_sanguineo\": \"B-\"\n\t},\n\t{\n\t\t\"nome\": \"Clarice Pietra Viana\",\n\t\t\"cpf\": \"060.653.022-36\",\n\t\t\"rg\": \"38.557.844-1\",\n\t\t\"data_nasc\": \"26\\/05\\/1982\",\n\t\t\"sexo\": \"Feminino\",\n\t\t\"mae\": \"Mariah Brenda Elza\",\n\t\t\"pai\": \"Rafael Pietro Vicente Viana\",\n\t\t\"email\": \"claricepietraviana..claricepietraviana@infolink.com.br\",\n\t\t\"cep\": \"71884-573\",\n\t\t\"endereco\": \"Quadra QS 16 Conjunto 1A\",\n\t\t\"numero\": 335,\n\t\t\"bairro\": \"Riacho Fundo II\",\n\t\t\"cidade\": \"Brasília\",\n\t\t\"estado\": \"DF\",\n\t\t\"telefone_fixo\": \"(61) 2612-1922\",\n\t\t\"celular\": \"(61) 98234-4543\",\n\t\t\"altura\": 1.82,\n\t\t\"peso\": 46,\n\t\t\"tipo_sanguineo\": \"AB+\"\n\t},\n\t{\n\t\t\"nome\": \"Jéssica Sophie Fabiana Pinto\",\n\t\t\"cpf\": \"323.678.221-82\",\n\t\t\"rg\": \"22.762.143-8\",\n\t\t\"data_nasc\": \"09\\/05\\/1950\",\n\t\t\"sexo\": \"Feminino\",\n\t\t\"mae\": \"Isabella Sophia\",\n\t\t\"pai\": \"Samuel Carlos Eduardo Pinto\",\n\t\t\"email\": \"jessicasophiefabianapinto_@fitttransportes.com.br\",\n\t\t\"cep\": \"66073-435\",\n\t\t\"endereco\": \"Passagem Liberdade\",\n\t\t\"numero\": 936,\n\t\t\"bairro\": \"Guamá\",\n\t\t\"cidade\": \"Belém\",\n\t\t\"estado\": \"PA\",\n\t\t\"telefone_fixo\": \"(91) 3915-6192\",\n\t\t\"celular\": \"(91) 99607-4982\",\n\t\t\"altura\": 1.79,\n\t\t\"peso\": 49,\n\t\t\"tipo_sanguineo\": \"O+\"\n\t},\n\t{\n\t\t\"nome\": \"Daiane Malu Lúcia Pereira\",\n\t\t\"cpf\": \"624.699.581-05\",\n\t\t\"rg\": \"19.710.100-8\",\n\t\t\"data_nasc\": \"18\\/12\\/1975\",\n\t\t\"sexo\": \"Feminino\",\n\t\t\"mae\": \"Sophia Beatriz Marlene\",\n\t\t\"pai\": \"Joaquim João Yago Pereira\",\n\t\t\"email\": \"ddaianemaluluciapereira@bcconsult.com.br\",\n\t\t\"cep\": \"64216-818\",\n\t\t\"endereco\": \"Quadra O1\",\n\t\t\"numero\": 750,\n\t\t\"bairro\": \"Igaraçu\",\n\t\t\"cidade\": \"Parnaíba\",\n\t\t\"estado\": \"PI\",\n\t\t\"telefone_fixo\": \"(86) 3900-5728\",\n\t\t\"celular\": \"(86) 98778-2545\",\n\t\t\"altura\": 1.69,\n\t\t\"peso\": 61,\n\t\t\"tipo_sanguineo\": \"A-\"\n\t},\n\t{\n\t\t\"nome\": \"Marcos Samuel Diogo Moura\",\n\t\t\"cpf\": \"696.489.024-61\",\n\t\t\"rg\": \"11.338.004-5\",\n\t\t\"data_nasc\": \"10\\/11\\/1957\",\n\t\t\"sexo\": \"Masculino\",\n\t\t\"mae\": \"Nair Adriana Eliane\",\n\t\t\"pai\": \"Julio Otávio Joaquim Moura\",\n\t\t\"email\": \"mmarcossamueldiogomoura@ouplook.com\",\n\t\t\"cep\": \"77060-046\",\n\t\t\"endereco\": \"Avenida D\",\n\t\t\"numero\": 106,\n\t\t\"bairro\": \"Jardim Aureny IV (Taquaralto)\",\n\t\t\"cidade\": \"Palmas\",\n\t\t\"estado\": \"TO\",\n\t\t\"telefone_fixo\": \"(63) 2546-9059\",\n\t\t\"celular\": \"(63) 98364-0225\",\n\t\t\"altura\": 1.81,\n\t\t\"peso\": 96,\n\t\t\"tipo_sanguineo\": \"B+\"\n\t},\n\t{\n\t\t\"nome\": \"Ricardo Geraldo Nascimento\",\n\t\t\"cpf\": \"260.811.136-04\",\n\t\t\"rg\": \"27.207.130-4\",\n\t\t\"data_nasc\": \"25\\/11\\/1982\",\n\t\t\"sexo\": \"Masculino\",\n\t\t\"mae\": \"Pietra Isabela\",\n\t\t\"pai\": \"Sérgio Vitor Thomas Nascimento\",\n\t\t\"email\": \"rricardogeraldonascimento@crsilvadesign.com\",\n\t\t\"cep\": \"88355-255\",\n\t\t\"endereco\": \"Rua América\",\n\t\t\"numero\": 560,\n\t\t\"bairro\": \"Steffen\",\n\t\t\"cidade\": \"Brusque\",\n\t\t\"estado\": \"SC\",\n\t\t\"telefone_fixo\": \"(47) 2589-3186\",\n\t\t\"celular\": \"(47) 98828-1415\",\n\t\t\"altura\": 1.76,\n\t\t\"peso\": 69,\n\t\t\"tipo_sanguineo\": \"A-\"\n\t},\n\t{\n\t\t\"nome\": \"Danilo João Arthur Porto\",\n\t\t\"cpf\": \"373.655.170-34\",\n\t\t\"rg\": \"26.140.291-2\",\n\t\t\"data_nasc\": \"18\\/04\\/1990\",\n\t\t\"sexo\": \"Masculino\",\n\t\t\"mae\": \"Elaine Tereza Alana\",\n\t\t\"pai\": \"Augusto Enrico Manoel Porto\",\n\t\t\"email\": \"danilojoaoarthurporto..danilojoaoarthurporto@rj.net\",\n\t\t\"cep\": \"76870-652\",\n\t\t\"endereco\": \"Rua Minas Gerais\",\n\t\t\"numero\": 505,\n\t\t\"bairro\": \"Setor 05\",\n\t\t\"cidade\": \"Ariquemes\",\n\t\t\"estado\": \"RO\",\n\t\t\"telefone_fixo\": \"(69) 3692-4816\",\n\t\t\"celular\": \"(69) 98534-7010\",\n\t\t\"altura\": 1.74,\n\t\t\"peso\": 93,\n\t\t\"tipo_sanguineo\": \"B-\"\n\t},\n\t{\n\t\t\"nome\": \"Patrícia Flávia Helena Peixoto\",\n\t\t\"cpf\": \"864.201.212-99\",\n\t\t\"rg\": \"47.678.097-4\",\n\t\t\"data_nasc\": \"09\\/07\\/1958\",\n\t\t\"sexo\": \"Feminino\",\n\t\t\"mae\": \"Jaqueline Isabelle\",\n\t\t\"pai\": \"Nathan Yuri Bento Peixoto\",\n\t\t\"email\": \"ppatriciaflaviahelenapeixoto@edpbr.com.br\",\n\t\t\"cep\": \"77805-020\",\n\t\t\"endereco\": \"Rua Vereador Falcão Coelho\",\n\t\t\"numero\": 817,\n\t\t\"bairro\": \"Setor Central\",\n\t\t\"cidade\": \"Araguaína\",\n\t\t\"estado\": \"TO\",\n\t\t\"telefone_fixo\": \"(63) 3707-1600\",\n\t\t\"celular\": \"(63) 98768-4400\",\n\t\t\"altura\": 1.70,\n\t\t\"peso\": 53,\n\t\t\"tipo_sanguineo\": \"B+\"\n\t},\n\t{\n\t\t\"nome\": \"Larissa Raimunda Bárbara Figueiredo\",\n\t\t\"cpf\": \"246.090.194-18\",\n\t\t\"rg\": \"11.610.380-2\",\n\t\t\"data_nasc\": \"04\\/07\\/1977\",\n\t\t\"sexo\": \"Feminino\",\n\t\t\"mae\": \"Evelyn Flávia Marli\",\n\t\t\"pai\": \"Kaique Oliver Anthony Figueiredo\",\n\t\t\"email\": \"larissaraimundabarbarafigueiredo-99@freitasepozzatti.com.br\",\n\t\t\"cep\": \"40155-050\",\n\t\t\"endereco\": \"Rua Desembargador Ezequiel Pondé\",\n\t\t\"numero\": 396,\n\t\t\"bairro\": \"Jardim Apipema\",\n\t\t\"cidade\": \"Salvador\",\n\t\t\"estado\": \"BA\",\n\t\t\"telefone_fixo\": \"(71) 2728-8821\",\n\t\t\"celular\": \"(71) 98396-9866\",\n\t\t\"altura\": 1.52,\n\t\t\"peso\": 86,\n\t\t\"tipo_sanguineo\": \"B+\"\n\t},\n\t{\n\t\t\"nome\": \"Benedita Tereza Giovana Silveira\",\n\t\t\"cpf\": \"811.771.547-30\",\n\t\t\"rg\": \"43.283.859-4\",\n\t\t\"data_nasc\": \"23\\/04\\/1994\",\n\t\t\"sexo\": \"Feminino\",\n\t\t\"mae\": \"Priscila Juliana Clarice\",\n\t\t\"pai\": \"Cauã Bruno Silveira\",\n\t\t\"email\": \"bbeneditaterezagiovanasilveira@tvglobo.com.br\",\n\t\t\"cep\": \"50875-060\",\n\t\t\"endereco\": \"Rua FEACA\",\n\t\t\"numero\": 440,\n\t\t\"bairro\": \"Caçote\",\n\t\t\"cidade\": \"Recife\",\n\t\t\"estado\": \"PE\",\n\t\t\"telefone_fixo\": \"(81) 3653-5823\",\n\t\t\"celular\": \"(81) 99493-3825\",\n\t\t\"altura\": 1.84,\n\t\t\"peso\": 78,\n\t\t\"tipo_sanguineo\": \"A+\"\n\t},\n\t{\n\t\t\"nome\": \"Thomas Heitor Marcos Vinicius Sales\",\n\t\t\"cpf\": \"265.209.134-48\",\n\t\t\"rg\": \"18.340.778-7\",\n\t\t\"data_nasc\": \"01\\/01\\/1990\",\n\t\t\"sexo\": \"Masculino\",\n\t\t\"mae\": \"Cecília Maitê\",\n\t\t\"pai\": \"Caleb Guilherme Sales\",\n\t\t\"email\": \"thomasheitormarcosviniciussales_@marcenariamagno.com.br\",\n\t\t\"cep\": \"65031-034\",\n\t\t\"endereco\": \"5ª Travessa da Liberdade\",\n\t\t\"numero\": 973,\n\t\t\"bairro\": \"Fátima\",\n\t\t\"cidade\": \"São Luís\",\n\t\t\"estado\": \"MA\",\n\t\t\"telefone_fixo\": \"(98) 2695-0887\",\n\t\t\"celular\": \"(98) 99512-7017\",\n\t\t\"altura\": 2.00,\n\t\t\"peso\": 104,\n\t\t\"tipo_sanguineo\": \"B-\"\n\t},\n\t{\n\t\t\"nome\": \"Camila Juliana Rosa Carvalho\",\n\t\t\"cpf\": \"583.710.737-12\",\n\t\t\"rg\": \"45.759.136-5\",\n\t\t\"data_nasc\": \"04\\/04\\/2001\",\n\t\t\"sexo\": \"Feminino\",\n\t\t\"mae\": \"Adriana Ana Carolina\",\n\t\t\"pai\": \"Ryan Gael Juan Carvalho\",\n\t\t\"email\": \"ccamilajulianarosacarvalho@ft.unicamp.br\",\n\t\t\"cep\": \"78055-753\",\n\t\t\"endereco\": \"Rua 1-A\",\n\t\t\"numero\": 500,\n\t\t\"bairro\": \"Jardim Vitória\",\n\t\t\"cidade\": \"Cuiabá\",\n\t\t\"estado\": \"MT\",\n\t\t\"telefone_fixo\": \"(65) 3622-5234\",\n\t\t\"celular\": \"(65) 99494-3922\",\n\t\t\"altura\": 1.81,\n\t\t\"peso\": 82,\n\t\t\"tipo_sanguineo\": \"AB-\"\n\t},\n\t{\n\t\t\"nome\": \"Severino Benício Felipe Aragão\",\n\t\t\"cpf\": \"005.949.971-00\",\n\t\t\"rg\": \"37.547.274-5\",\n\t\t\"data_nasc\": \"09\\/12\\/1940\",\n\t\t\"sexo\": \"Masculino\",\n\t\t\"mae\": \"Evelyn Alícia\",\n\t\t\"pai\": \"Miguel Rafael Nicolas Aragão\",\n\t\t\"email\": \"severinobeniciofelipearagao_@tursi.com.br\",\n\t\t\"cep\": \"49032-479\",\n\t\t\"endereco\": \"Travessa A\",\n\t\t\"numero\": 158,\n\t\t\"bairro\": \"Farolândia\",\n\t\t\"cidade\": \"Aracaju\",\n\t\t\"estado\": \"SE\",\n\t\t\"telefone_fixo\": \"(79) 2939-7427\",\n\t\t\"celular\": \"(79) 98931-9272\",\n\t\t\"altura\": 1.71,\n\t\t\"peso\": 83,\n\t\t\"tipo_sanguineo\": \"A+\"\n\t},\n\t{\n\t\t\"nome\": \"Maria Kamilly Andrea Santos\",\n\t\t\"cpf\": \"490.800.072-77\",\n\t\t\"rg\": \"29.528.539-4\",\n\t\t\"data_nasc\": \"20\\/03\\/1980\",\n\t\t\"sexo\": \"Feminino\",\n\t\t\"mae\": \"Liz Milena\",\n\t\t\"pai\": \"Luís Eduardo Cláudio Santos\",\n\t\t\"email\": \"mariakamillyandreasantos_@vol.com.br\",\n\t\t\"cep\": \"66026-106\",\n\t\t\"endereco\": \"Vila Wilson\",\n\t\t\"numero\": 323,\n\t\t\"bairro\": \"Jurunas\",\n\t\t\"cidade\": \"Belém\",\n\t\t\"estado\": \"PA\",\n\t\t\"telefone_fixo\": \"(91) 2687-4177\",\n\t\t\"celular\": \"(91) 98761-1488\",\n\t\t\"altura\": 1.77,\n\t\t\"peso\": 76,\n\t\t\"tipo_sanguineo\": \"A-\"\n\t},\n\t{\n\t\t\"nome\": \"Rayssa Milena Freitas\",\n\t\t\"cpf\": \"678.399.778-20\",\n\t\t\"rg\": \"21.070.694-6\",\n\t\t\"data_nasc\": \"24\\/03\\/1982\",\n\t\t\"sexo\": \"Feminino\",\n\t\t\"mae\": \"Camila Emanuelly\",\n\t\t\"pai\": \"Benedito Alexandre Freitas\",\n\t\t\"email\": \"rayssamilenafreitas_@orbisat.com.br\",\n\t\t\"cep\": \"68903-595\",\n\t\t\"endereco\": \"Travessa Segunda\",\n\t\t\"numero\": 322,\n\t\t\"bairro\": \"Universidade\",\n\t\t\"cidade\": \"Macapá\",\n\t\t\"estado\": \"AP\",\n\t\t\"telefone_fixo\": \"(96) 3752-3248\",\n\t\t\"celular\": \"(96) 98959-2987\",\n\t\t\"altura\": 1.68,\n\t\t\"peso\": 87,\n\t\t\"tipo_sanguineo\": \"AB-\"\n\t},\n\t{\n\t\t\"nome\": \"Enrico Cláudio Fernandes\",\n\t\t\"cpf\": \"669.588.369-60\",\n\t\t\"rg\": \"47.094.818-8\",\n\t\t\"data_nasc\": \"25\\/03\\/1942\",\n\t\t\"sexo\": \"Masculino\",\n\t\t\"mae\": \"Elisa Francisca Giovanna\",\n\t\t\"pai\": \"Bruno Manoel Augusto Fernandes\",\n\t\t\"email\": \"enricoclaudiofernandes-83@elevaconsultancy.com.br\",\n\t\t\"cep\": \"69080-810\",\n\t\t\"endereco\": \"Beco Adriano Godinho\",\n\t\t\"numero\": 542,\n\t\t\"bairro\": \"Coroado\",\n\t\t\"cidade\": \"Manaus\",\n\t\t\"estado\": \"AM\",\n\t\t\"telefone_fixo\": \"(92) 3664-2899\",\n\t\t\"celular\": \"(92) 98922-2840\",\n\t\t\"altura\": 1.68,\n\t\t\"peso\": 87,\n\t\t\"tipo_sanguineo\": \"AB-\"\n\t},\n\t{\n\t\t\"nome\": \"Raul Martin Gonçalves\",\n\t\t\"cpf\": \"249.472.222-55\",\n\t\t\"rg\": \"30.318.909-5\",\n\t\t\"data_nasc\": \"07\\/09\\/1982\",\n\t\t\"sexo\": \"Masculino\",\n\t\t\"mae\": \"Heloise Elaine Isabella\",\n\t\t\"pai\": \"Márcio Anderson Gonçalves\",\n\t\t\"email\": \"rraulmartingoncalves@riquefroes.com\",\n\t\t\"cep\": \"49067-040\",\n\t\t\"endereco\": \"Rua Francisco Carlos dos Santos\",\n\t\t\"numero\": 944,\n\t\t\"bairro\": \"Porto D'Antas\",\n\t\t\"cidade\": \"Aracaju\",\n\t\t\"estado\": \"SE\",\n\t\t\"telefone_fixo\": \"(79) 2995-8877\",\n\t\t\"celular\": \"(79) 98425-7279\",\n\t\t\"altura\": 1.67,\n\t\t\"peso\": 66,\n\t\t\"tipo_sanguineo\": \"O-\"\n\t}\n]"},"parameters":[],"headers":[{"name":"Content-Type","value":"application/json"},{"name":"User-Agent","value":"insomnia/10.3.0"}],"authentication":{},"metaSortKey":-1737934284419,"isPrivate":false,"pathParameters":[],"settingStoreCookies":true,"settingSendCookies":true,"settingDisableRenderRequestBody":false,"settingEncodeUrl":true,"settingRebuildPath":true,"settingFollowRedirects":"global","_type":"request"},{"_id":"req_4a65d48b4c8e4b22a0c673668dadec38","parentId":"fld_f07ebc635911451aaa2093451325d5dc","modified":1738179286135,"created":1737934262473,"url":"{{ _.baseUrl }}/candidate/list","name":"List","description":"","method":"GET","body":{},"parameters":[],"headers":[{"name":"User-Agent","value":"insomnia/10.3.0","id":"pair_53c45087533341d5b78df0075e31a74b"},{"id":"pair_e904f1671c7b47a2b8602f9d1d9eacb5","name":"Content-Type","value":"application/json","description":"","disabled":false}],"authentication":{},"metaSortKey":-1737934262473,"isPrivate":false,"pathParameters":[],"settingStoreCookies":true,"settingSendCookies":true,"settingDisableRenderRequestBody":false,"settingEncodeUrl":true,"settingRebuildPath":true,"settingFollowRedirects":"global","_type":"request"},{"_id":"env_3434c4037de2dbe6d42206b55f3c7ef59022f18a","parentId":"wrk_d9d5bea1585546c2a830151aa3eef0a6","modified":1738179254017,"created":1737934237838,"name":"Base Environment","data":{"baseUrl":"http://localhost:8080"},"dataPropertyOrder":{"&":["baseUrl"]},"color":null,"isPrivate":false,"metaSortKey":1737934237838,"environmentType":"json","kvPairData":[],"_type":"environment"},{"_id":"jar_3434c4037de2dbe6d42206b55f3c7ef59022f18a","parentId":"wrk_d9d5bea1585546c2a830151aa3eef0a6","modified":1737934237844,"created":1737934237844,"name":"Default Jar","cookies":[],"_type":"cookie_jar"}]}